{
  "project_info": {
    "project_number": "332240342877",
    "project_id": "feature1-e4691",
    "storage_bucket": "feature1-e4691.appspot.com"
  },
  "client": [
    {
      "client_info": {
        "mobilesdk_app_id": "1:332240342877:android:09472f98ca4906caa862b4",
        "android_client_info": {
          "package_name": "com.example.feature1"
        }
      },
      "oauth_client": [
        {
          "client_id": "332240342877-q4fk1lig4fvbaq058mfupvtlmb7leqpo.apps.googleusercontent.com",
          "client_type": 3
        }
      ],
      "api_key": [
        {
          "current_key": "AIzaSyBNFxzIDbL7gfHC5amQLG5DcGNvtkZKzjY"
        }
      ],
      "services": {
        "appinvite_service": {
          "other_platform_oauth_client": [
            {
              "client_id": "332240342877-q4fk1lig4fvbaq058mfupvtlmb7leqpo.apps.googleusercontent.com",
              "client_type": 3
            }
          ]
        }
      }
    }
  ],
  "configuration_version": "1"
}